schedule_id,publish_date,publish_at,production_not_before,review_by,status,priority,format,type,template,hero,cast_id,working_title,topic,search_query,minutes,seed,event,expires_at,source_ids,evidence,readiness,llm_calls_max,existing_queue_id,existing_slug,source_schedule_ids,fallback,notes,publication_status,uploaded_at,release_url
dd-2026-09-13,2026-09-13,2026-09-13T18:00:00+05:30,2026-09-13T03:30:00Z,2026-09-12,planned,50,existing_episode,rhyme,,owl,ozzy,Opposites With Ozzy!,,opposites for kids,5.5,20260913,,,"[""learning""]",editorial_hypothesis,rendered_locally,0,,opposites-ozzy-2026-09-12,[],Use a distinct unpublished approved evergreen episode; otherwise skip this slot.,"Already rendered; review and upload, do not regenerate. Existing release and Telegram access remain unconfigured.",ready,,
dd-2026-09-14,2026-09-14,2026-09-14T18:00:00+05:30,2026-09-13T03:30:00Z,2026-09-12,rendered,50,template,rhyme,colors,duck,daisy,Colors With Daisy!,,colors song for toddlers,5.5,20260914,,,"[""learning"",""catalog""]",established_format,rendered_locally,0,qmtyjw1qn,colors-daisy-2026-09-14,[],Use a distinct unpublished approved evergreen episode; otherwise skip this slot.,"Rendered locally at 1080p, 30 fps, approximately 5:12, with six question rewards. Reuse the saved slug; do not regenerate. Human review/upload remains; GitHub Release and Telegram delivery are blocked by existing access/credential gaps.",ready,,
dd-2026-09-15,2026-09-15,2026-09-15T18:00:00+05:30,2026-09-14T03:30:00Z,2026-09-12,planned,50,template,rhyme,actions,bunny,taffy,Move With Taffy!,,movement song for preschool,5.5,20260915,,,"[""learning"",""catalog""]",established_format,existing_template,0,qmtyjw23y,,[],Use a distinct unpublished approved evergreen episode; otherwise skip this slot.,Use the existing template without seasonal claims. Validate learning examples and review actual audio/runtime. First scheduled baseline for this template.,planned,,
dd-2026-09-16,2026-09-16,2026-09-16T18:00:00+05:30,2026-09-15T03:30:00Z,2026-09-12,rendered,50,template,rhyme,shapes,bear,ben,Shapes With Ben!,,shapes song for kids,5.5,20260916,,,"[""learning"",""catalog""]",established_format,rendered_locally,0,qmtyjw2jk,shapes-ben-373382,[],Use a distinct unpublished approved evergreen episode; otherwise skip this slot.,Use the existing template without seasonal claims. Validate learning examples and review actual audio/runtime. First scheduled baseline for this template.,ready,,https://github.com/Tejas-Sands/dreamy-discoveries/releases/tag/video-shapes-ben-373382
dd-2026-09-17,2026-09-17,2026-09-17T18:00:00+05:30,2026-09-16T03:30:00Z,2026-09-13,planned,50,template,rhyme,opposites,fox,fiona,Opposites With Fiona!,,opposites for kids,5.5,20260917,,,"[""learning"",""catalog""]",established_format,existing_template,0,,,[],Use a distinct unpublished approved evergreen episode; otherwise skip this slot.,Use the existing template without seasonal claims. Validate learning examples and review actual audio/runtime. First scheduled baseline for this template.,planned,,
dd-2026-09-18,2026-09-18,2026-09-18T18:00:00+05:30,2026-09-17T03:30:00Z,2026-09-14,planned,60,story,story,,bunny,taffy,Taffy Tries Saying Hello,"Taffy feels shy at Ozzy's meadow lesson. Daisy models a wave, Taffy tries one greeting, and they invite Ben to join. Teach one small first step. Use only Taffy, Ben, Daisy, Fiona, Grandpa Tilly and Professor Ozzy. Use existing backgrounds where suitable; run Director after generation. Target 5–6 minutes.",school readiness story for preschool,5.5,20260918,,,"[""quality"",""feelings""]",established_need,free_llm_required,1,,,[],Use a distinct unpublished approved evergreen episode; otherwise skip this slot.,One publishing slot per day; human reviews and uploads.,planned,,
dd-2026-09-19,2026-09-19,2026-09-19T18:00:00+05:30,2026-09-18T03:30:00Z,2026-09-15,planned,40,flex,,,bunny,taffy,Taffy's Stop-and-Go Dance — trend-review candidate,,freeze dance for preschool,5.5,20260919,,,"[""freeze"",""live_trends""]",unconfirmed_candidate,evidence_and_implementation_required,1,,,[],Use a distinct unpublished approved evergreen episode; otherwise skip this slot.,"New deterministic freeze-dance template with real stop cues; existing actions template is not freeze dance. Recheck search evidence 72 hours before production. This is a reserved slot, not an executable queue row. At most one script call if resolved to a story; zero for a deterministic template.",planned,,
dd-2026-09-20,2026-09-20,2026-09-20T18:00:00+05:30,2026-09-19T03:30:00Z,2026-09-16,planned,50,compilation,,,,,Sunny Meadow: Kindness and Learning — 2026-09-20,,,17,20260920,,,"[""learning""]",editorial_hypothesis,released_sources_required,0,,,"[""dd-2026-09-16"",""dd-2026-09-17"",""dd-2026-09-18""]",Use a distinct unpublished approved evergreen episode; otherwise skip this slot.,"Use three actually finished and reviewed source episodes; do not regenerate them. Confirm topic coherence and replace the working title with an accurate contents title. Route to compile.yml, not make-video.yml. Hold if sources are missing or the combination duplicates a prior compilation.",planned,,
dd-2026-09-21,2026-09-21,2026-09-21T18:00:00+05:30,2026-09-20T03:30:00Z,2026-09-17,planned,50,template,rhyme,lullaby,turtle,tilly,"Goodnight, Grandpa Tilly",,gentle bedtime song for toddlers,5.5,20260921,,,"[""learning"",""catalog""]",established_format,existing_template,0,,,[],Use a distinct unpublished approved evergreen episode; otherwise skip this slot.,Use the existing template without seasonal claims. Validate learning examples and review actual audio/runtime. First scheduled baseline for this template. Review that Director pacing remains calm; do not promise improved sleep.,planned,,
dd-2026-09-22,2026-09-22,2026-09-22T18:00:00+05:30,2026-09-21T03:30:00Z,2026-09-18,planned,60,story,story,,bear,ben,Ben Learns the Cleanup Steps,"Ben cannot find his favorite ball. Grandpa Tilly helps him put one toy away at a time; Ben finds it and shows Daisy the routine. Use only Taffy, Ben, Daisy, Fiona, Grandpa Tilly and Professor Ozzy. Use existing backgrounds where suitable; run Director after generation. Target 5–6 minutes.",daily routines story for preschool,5.5,20260922,,,"[""cleanup"",""routines""]",established_need,free_llm_required,1,,,[],Use a distinct unpublished approved evergreen episode; otherwise skip this slot.,One publishing slot per day; human reviews and uploads.,planned,,
dd-2026-09-23,2026-09-23,2026-09-23T18:00:00+05:30,2026-09-22T03:30:00Z,2026-09-19,planned,50,template,rhyme,body-parts,owl,ozzy,Body Parts With Professor Ozzy!,,body parts song for kids,5.5,20260923,,,"[""learning"",""catalog""]",established_format,editorial_review,0,,,[],Use a distinct unpublished approved evergreen episode; otherwise skip this slot.,Use the existing template without seasonal claims. Validate learning examples and review actual audio/runtime. First scheduled baseline for this template. Check plural grammar and anatomy against the selected animal.,planned,,
dd-2026-09-24,2026-09-24,2026-09-24T18:00:00+05:30,2026-09-23T03:30:00Z,2026-09-20,planned,50,template,rhyme,animal-sounds,bunny,taffy,Animal Sounds With Taffy!,,animal sounds for toddlers,5.5,20260924,,,"[""learning"",""catalog""]",established_format,editorial_review,0,,,[],Use a distinct unpublished approved evergreen episode; otherwise skip this slot.,Use the existing template without seasonal claims. Validate learning examples and review actual audio/runtime. First scheduled baseline for this template. Check chorus sound labels against the six-cast lesson; do not imply every named sound has an on-screen animal.,planned,,
dd-2026-09-25,2026-09-25,2026-09-25T18:00:00+05:30,2026-09-24T03:30:00Z,2026-09-21,planned,60,story,story,,duck,daisy,Daisy Says Goodnight,"Daisy wants one more game. Grandpa Tilly helps her follow three calm bedtime steps and notice how her body feels. Use only Taffy, Ben, Daisy, Fiona, Grandpa Tilly and Professor Ozzy. Use existing backgrounds where suitable; run Director after generation. Target 5–6 minutes.",bedtime story for preschool,5.5,20260925,,,"[""routines""]",established_need,free_llm_required,1,,,[],Use a distinct unpublished approved evergreen episode; otherwise skip this slot.,One publishing slot per day; human reviews and uploads.,planned,,
dd-2026-09-26,2026-09-26,2026-09-26T18:00:00+05:30,2026-09-25T03:30:00Z,2026-09-22,planned,40,flex,,,bear,ben,Ben's One-Toy-at-a-Time Cleanup — trend-review candidate,,cleanup song for toddlers,5.5,20260926,,,"[""cleanup"",""live_trends""]",unconfirmed_candidate,evidence_and_implementation_required,1,,,[],Use a distinct unpublished approved evergreen episode; otherwise skip this slot.,"New routine template; visual steps must match the words. Recheck search evidence 72 hours before production. This is a reserved slot, not an executable queue row. At most one script call if resolved to a story; zero for a deterministic template.",planned,,
dd-2026-09-27,2026-09-27,2026-09-27T18:00:00+05:30,2026-09-26T03:30:00Z,2026-09-23,planned,50,compilation,,,,,Sunny Meadow: Kindness and Learning — 2026-09-27,,,17,20260927,,,"[""learning""]",editorial_hypothesis,released_sources_required,0,,,"[""dd-2026-09-23"",""dd-2026-09-24"",""dd-2026-09-25""]",Use a distinct unpublished approved evergreen episode; otherwise skip this slot.,"Use three actually finished and reviewed source episodes; do not regenerate them. Confirm topic coherence and replace the working title with an accurate contents title. Route to compile.yml, not make-video.yml. Hold if sources are missing or the combination duplicates a prior compilation.",planned,,
dd-2026-09-28,2026-09-28,2026-09-28T18:00:00+05:30,2026-09-27T03:30:00Z,2026-09-24,planned,50,template,rhyme,counting,bear,ben,Count With Ben!,,counting 1 to 10 song for toddlers,5.5,20260928,,,"[""learning"",""catalog""]",established_format,existing_template,0,,,[],Use a distinct unpublished approved evergreen episode; otherwise skip this slot.,Use the existing template without seasonal claims. Validate learning examples and review actual audio/runtime. First scheduled baseline for this template.,planned,,
dd-2026-09-29,2026-09-29,2026-09-29T18:00:00+05:30,2026-09-28T03:30:00Z,2026-09-25,planned,60,story,story,,fox,fiona,Fiona Waits for Her Turn,"At a playground game Fiona rushes ahead. Ben helps her name the feeling, wait for a clear turn, and enjoy playing together. Use only Taffy, Ben, Daisy, Fiona, Grandpa Tilly and Professor Ozzy. Use existing backgrounds where suitable; run Director after generation. Target 5–6 minutes.",feelings story for preschool,5.5,20260929,,,"[""feelings""]",established_need,free_llm_required,1,,,[],Use a distinct unpublished approved evergreen episode; otherwise skip this slot.,One publishing slot per day; human reviews and uploads.,planned,,
dd-2026-09-30,2026-09-30,2026-09-30T18:00:00+05:30,2026-09-29T03:30:00Z,2026-09-26,planned,50,template,rhyme,counting,duck,daisy,Count With Daisy!,,counting 1 to 10 song for toddlers,5.5,20260930,,,"[""learning"",""catalog""]",established_format,novelty_review,0,,,[],Use a distinct unpublished approved evergreen episode; otherwise skip this slot.,Use the existing template without seasonal claims. Validate learning examples and review actual audio/runtime. A different hero or shuffle alone is not sufficient novelty: approve a meaningful teaching variation or replace with an unpublished approved episode; otherwise skip.,planned,,
dd-2026-10-01,2026-10-01,2026-10-01T18:00:00+05:30,2026-09-30T03:30:00Z,2026-09-27,planned,50,template,rhyme,colors,fox,fiona,Colors With Fiona!,,colors song for toddlers,5.5,20261001,,,"[""learning"",""catalog""]",established_format,novelty_review,0,,,[],Use a distinct unpublished approved evergreen episode; otherwise skip this slot.,Use the existing template without seasonal claims. Validate learning examples and review actual audio/runtime. A different hero or shuffle alone is not sufficient novelty: approve a meaningful teaching variation or replace with an unpublished approved episode; otherwise skip.,planned,,
dd-2026-10-02,2026-10-02,2026-10-02T18:00:00+05:30,2026-10-01T03:30:00Z,2026-09-28,planned,80,story,story,,turtle,tilly,Grandpa Tilly and the Falling Leaves,"Tilly and Daisy notice autumn leaves and compare two colors; Taffy helps tidy the path. Keep the lesson on observation and helping. Use only Taffy, Ben, Daisy, Fiona, Grandpa Tilly and Professor Ozzy. Use existing backgrounds where suitable; run Director after generation. Target 5–6 minutes.",autumn story for preschool,5.5,20261002,autumn,2026-11-15T23:59:59+05:30,"[""quality""]",seasonal_hypothesis,free_llm_required,1,,,[],Use a distinct unpublished approved evergreen episode; otherwise skip this slot.,One publishing slot per day; human reviews and uploads.,planned,,
dd-2026-10-03,2026-10-03,2026-10-03T18:00:00+05:30,2026-10-02T03:30:00Z,2026-09-29,planned,40,flex,,,duck,daisy,Daisy's Friendly Pumpkin Game — trend-review candidate,,gentle Halloween for toddlers,5.5,20261003,Halloween,2026-10-31T23:59:59+05:30,"[""halloween"",""live_trends""]",unconfirmed_candidate,evidence_and_implementation_required,1,,,[],Use a distinct unpublished approved evergreen episode; otherwise skip this slot.,"Original Halloween script or deterministic seasonal template; current generic colors template is not a pumpkin game. Recheck search evidence 72 hours before production. This is a reserved slot, not an executable queue row. At most one script call if resolved to a story; zero for a deterministic template.",planned,,
dd-2026-10-04,2026-10-04,2026-10-04T18:00:00+05:30,2026-10-03T03:30:00Z,2026-09-30,planned,50,compilation,,,,,Sunny Meadow: Kindness and Learning — 2026-10-04,,,17,20261004,,,"[""learning""]",editorial_hypothesis,released_sources_required,0,,,"[""dd-2026-09-30"",""dd-2026-10-01"",""dd-2026-10-02""]",Use a distinct unpublished approved evergreen episode; otherwise skip this slot.,"Use three actually finished and reviewed source episodes; do not regenerate them. Confirm topic coherence and replace the working title with an accurate contents title. Route to compile.yml, not make-video.yml. Hold if sources are missing or the combination duplicates a prior compilation.",planned,,
dd-2026-10-05,2026-10-05,2026-10-05T18:00:00+05:30,2026-10-04T03:30:00Z,2026-10-01,planned,50,template,rhyme,actions,turtle,tilly,Move With Grandpa Tilly!,,movement song for preschool,5.5,20261005,,,"[""learning"",""catalog""]",established_format,novelty_review,0,,,[],Use a distinct unpublished approved evergreen episode; otherwise skip this slot.,Use the existing template without seasonal claims. Validate learning examples and review actual audio/runtime. A different hero or shuffle alone is not sufficient novelty: approve a meaningful teaching variation or replace with an unpublished approved episode; otherwise skip.,planned,,
dd-2026-10-06,2026-10-06,2026-10-06T18:00:00+05:30,2026-10-05T03:30:00Z,2026-10-02,planned,80,story,story,,bunny,taffy,Taffy and the Friendly Pumpkin,"At the autumn garden Taffy worries about a pumpkin shadow. Ozzy shows the pumpkin in daylight; Taffy asks for help and feels reassured. Gentle Halloween story, no scare reveal. Use only Taffy, Ben, Daisy, Fiona, Grandpa Tilly and Professor Ozzy. Use existing backgrounds where suitable; run Director after generation. Target 5–6 minutes.",halloween story for preschool,5.5,20261006,Halloween,2026-10-31T23:59:59+05:30,"[""halloween"",""us_dates""]",seasonal_hypothesis,free_llm_required,1,,,[],Use a distinct unpublished approved evergreen episode; otherwise skip this slot.,One publishing slot per day; human reviews and uploads.,planned,,
dd-2026-10-07,2026-10-07,2026-10-07T18:00:00+05:30,2026-10-06T03:30:00Z,2026-10-03,planned,50,template,rhyme,shapes,owl,ozzy,Shapes With Professor Ozzy!,,shapes song for kids,5.5,20261007,,,"[""learning"",""catalog""]",established_format,novelty_review,0,,,[],Use a distinct unpublished approved evergreen episode; otherwise skip this slot.,Use the existing template without seasonal claims. Validate learning examples and review actual audio/runtime. A different hero or shuffle alone is not sufficient novelty: approve a meaningful teaching variation or replace with an unpublished approved episode; otherwise skip.,planned,,
dd-2026-10-08,2026-10-08,2026-10-08T18:00:00+05:30,2026-10-07T03:30:00Z,2026-10-04,planned,50,template,rhyme,opposites,bunny,taffy,Opposites With Taffy!,,opposites for kids,5.5,20261008,,,"[""learning"",""catalog""]",established_format,novelty_review,0,,,[],Use a distinct unpublished approved evergreen episode; otherwise skip this slot.,Use the existing template without seasonal claims. Validate learning examples and review actual audio/runtime. A different hero or shuffle alone is not sufficient novelty: approve a meaningful teaching variation or replace with an unpublished approved episode; otherwise skip.,planned,,
dd-2026-10-09,2026-10-09,2026-10-09T18:00:00+05:30,2026-10-08T03:30:00Z,2026-10-05,planned,80,story,story,,duck,daisy,Daisy Learns a Festival Dance,"For Navratri, Daisy and Fiona practise a simple clap-and-step together in the meadow. Explain that some families celebrate with music and dance; no claim to demonstrate a specific traditional dance. Use only Taffy, Ben, Daisy, Fiona, Grandpa Tilly and Professor Ozzy. Use existing backgrounds where suitable; run Director after generation. Target 5–6 minutes.",navratri story for preschool,5.5,20261009,Navratri,2026-10-20T23:59:59+05:30,"[""india_observances"",""quality""]",seasonal_hypothesis,free_llm_and_visual_review,1,,,[],Use a distinct unpublished approved evergreen episode; otherwise skip this slot.,One publishing slot per day; human reviews and uploads. Verify cultural framing and required decorative visuals before dispatch. Keep hero selection separate from holiday figures.,planned,,
dd-2026-10-10,2026-10-10,2026-10-10T18:00:00+05:30,2026-10-09T03:30:00Z,2026-10-06,planned,40,flex,,,duck,daisy,Daisy's Friendly Pumpkin Game — trend-review candidate,,gentle Halloween for toddlers,5.5,20261010,Halloween,2026-10-31T23:59:59+05:30,"[""halloween"",""live_trends""]",unconfirmed_candidate,evidence_and_implementation_required,1,,,[],Use a distinct unpublished approved evergreen episode; otherwise skip this slot.,"Original Halloween script or deterministic seasonal template; current generic colors template is not a pumpkin game. Recheck search evidence 72 hours before production. This is a reserved slot, not an executable queue row. At most one script call if resolved to a story; zero for a deterministic template.",planned,,
dd-2026-10-11,2026-10-11,2026-10-11T18:00:00+05:30,2026-10-10T03:30:00Z,2026-10-07,planned,50,compilation,,,,,Sunny Meadow: Kindness and Learning — 2026-10-11,,,17,20261011,,,"[""learning""]",editorial_hypothesis,released_sources_required,0,,,"[""dd-2026-10-07"",""dd-2026-10-08"",""dd-2026-10-09""]",Use a distinct unpublished approved evergreen episode; otherwise skip this slot.,"Use three actually finished and reviewed source episodes; do not regenerate them. Confirm topic coherence and replace the working title with an accurate contents title. Route to compile.yml, not make-video.yml. Hold if sources are missing or the combination duplicates a prior compilation.",planned,,
dd-2026-10-12,2026-10-12,2026-10-12T18:00:00+05:30,2026-10-11T03:30:00Z,2026-10-08,planned,50,template,rhyme,lullaby,bear,ben,"Goodnight, Ben",,gentle bedtime song for toddlers,5.5,20261012,,,"[""learning"",""catalog""]",established_format,novelty_review,0,,,[],Use a distinct unpublished approved evergreen episode; otherwise skip this slot.,Use the existing template without seasonal claims. Validate learning examples and review actual audio/runtime. A different hero or shuffle alone is not sufficient novelty: approve a meaningful teaching variation or replace with an unpublished approved episode; otherwise skip. Review that Director pacing remains calm; do not promise improved sleep.,planned,,
dd-2026-10-13,2026-10-13,2026-10-13T18:00:00+05:30,2026-10-12T03:30:00Z,2026-10-09,planned,80,story,story,,owl,ozzy,Ozzy Explains Friendly Shadows,"Ozzy and Ben compare a tree and its shadow, then help Daisy feel comfortable on an early evening walk. Reassure without making scary promises. Use only Taffy, Ben, Daisy, Fiona, Grandpa Tilly and Professor Ozzy. Use existing backgrounds where suitable; run Director after generation. Target 5–6 minutes.",halloween story for preschool,5.5,20261013,Halloween,2026-10-31T23:59:59+05:30,"[""halloween""]",seasonal_hypothesis,free_llm_required,1,,,[],Use a distinct unpublished approved evergreen episode; otherwise skip this slot.,One publishing slot per day; human reviews and uploads.,planned,,
dd-2026-10-14,2026-10-14,2026-10-14T18:00:00+05:30,2026-10-13T03:30:00Z,2026-10-10,planned,50,template,rhyme,body-parts,duck,daisy,Body Parts With Daisy!,,body parts song for kids,5.5,20261014,,,"[""learning"",""catalog""]",established_format,editorial_review,0,,,[],Use a distinct unpublished approved evergreen episode; otherwise skip this slot.,Use the existing template without seasonal claims. Validate learning examples and review actual audio/runtime. A different hero or shuffle alone is not sufficient novelty: approve a meaningful teaching variation or replace with an unpublished approved episode; otherwise skip. Check plural grammar and anatomy against the selected animal.,planned,,
dd-2026-10-15,2026-10-15,2026-10-15T18:00:00+05:30,2026-10-14T03:30:00Z,2026-10-11,planned,50,template,rhyme,animal-sounds,fox,fiona,Animal Sounds With Fiona!,,animal sounds for toddlers,5.5,20261015,,,"[""learning"",""catalog""]",established_format,editorial_review,0,,,[],Use a distinct unpublished approved evergreen episode; otherwise skip this slot.,Use the existing template without seasonal claims. Validate learning examples and review actual audio/runtime. A different hero or shuffle alone is not sufficient novelty: approve a meaningful teaching variation or replace with an unpublished approved episode; otherwise skip. Check chorus sound labels against the six-cast lesson; do not imply every named sound has an on-screen animal.,planned,,
dd-2026-10-16,2026-10-16,2026-10-16T18:00:00+05:30,2026-10-15T03:30:00Z,2026-10-12,planned,60,story,story,,fox,fiona,Fiona Chooses Kindness at the Games,"Fiona can win a meadow race by ignoring Taffy's dropped ribbon, but stops to help. Both finish proudly. A kindness story during Dussehra week, not a retelling of the festival. Use only Taffy, Ben, Daisy, Fiona, Grandpa Tilly and Professor Ozzy. Use existing backgrounds where suitable; run Director after generation. Target 5–6 minutes.",kindness story for preschool,5.5,20261016,,,"[""quality""]",established_need,free_llm_required,1,,,[],Use a distinct unpublished approved evergreen episode; otherwise skip this slot.,One publishing slot per day; human reviews and uploads.,planned,,
dd-2026-10-17,2026-10-17,2026-10-17T18:00:00+05:30,2026-10-16T03:30:00Z,2026-10-13,planned,40,flex,,,duck,daisy,Daisy's Friendly Pumpkin Game — trend-review candidate,,gentle Halloween for toddlers,5.5,20261017,Halloween,2026-10-31T23:59:59+05:30,"[""halloween"",""live_trends""]",unconfirmed_candidate,evidence_and_implementation_required,1,,,[],Use a distinct unpublished approved evergreen episode; otherwise skip this slot.,"Original Halloween script or deterministic seasonal template; current generic colors template is not a pumpkin game. Recheck search evidence 72 hours before production. This is a reserved slot, not an executable queue row. At most one script call if resolved to a story; zero for a deterministic template.",planned,,
dd-2026-10-18,2026-10-18,2026-10-18T18:00:00+05:30,2026-10-17T03:30:00Z,2026-10-14,planned,50,compilation,,,,,Sunny Meadow: Kindness and Learning — 2026-10-18,,,17,20261018,,,"[""learning""]",editorial_hypothesis,released_sources_required,0,,,"[""dd-2026-10-14"",""dd-2026-10-15"",""dd-2026-10-16""]",Use a distinct unpublished approved evergreen episode; otherwise skip this slot.,"Use three actually finished and reviewed source episodes; do not regenerate them. Confirm topic coherence and replace the working title with an accurate contents title. Route to compile.yml, not make-video.yml. Hold if sources are missing or the combination duplicates a prior compilation.",planned,,
dd-2026-10-19,2026-10-19,2026-10-19T18:00:00+05:30,2026-10-18T03:30:00Z,2026-10-15,planned,50,template,rhyme,counting,turtle,tilly,Count With Grandpa Tilly!,,counting 1 to 10 song for toddlers,5.5,20261019,,,"[""learning"",""catalog""]",established_format,novelty_review,0,,,[],Use a distinct unpublished approved evergreen episode; otherwise skip this slot.,Use the existing template without seasonal claims. Validate learning examples and review actual audio/runtime. A different hero or shuffle alone is not sufficient novelty: approve a meaningful teaching variation or replace with an unpublished approved episode; otherwise skip.,planned,,
dd-2026-10-20,2026-10-20,2026-10-20T18:00:00+05:30,2026-10-19T03:30:00Z,2026-10-16,planned,80,story,story,,bear,ben,Ben Asks for a Quiet Halloween,"Ben finds a pretend party too noisy. Daisy listens and helps him choose a quiet pumpkin game. Show asking for a break and respecting the answer. Use only Taffy, Ben, Daisy, Fiona, Grandpa Tilly and Professor Ozzy. Use existing backgrounds where suitable; run Director after generation. Target 5–6 minutes.",halloween story for preschool,5.5,20261020,Halloween,2026-10-31T23:59:59+05:30,"[""halloween"",""feelings""]",seasonal_hypothesis,free_llm_required,1,,,[],Use a distinct unpublished approved evergreen episode; otherwise skip this slot.,One publishing slot per day; human reviews and uploads.,planned,,
dd-2026-10-21,2026-10-21,2026-10-21T18:00:00+05:30,2026-10-20T03:30:00Z,2026-10-17,planned,50,template,rhyme,colors,owl,ozzy,Colors With Professor Ozzy!,,colors song for toddlers,5.5,20261021,,,"[""learning"",""catalog""]",established_format,novelty_review,0,,,[],Use a distinct unpublished approved evergreen episode; otherwise skip this slot.,Use the existing template without seasonal claims. Validate learning examples and review actual audio/runtime. A different hero or shuffle alone is not sufficient novelty: approve a meaningful teaching variation or replace with an unpublished approved episode; otherwise skip.,planned,,
dd-2026-10-22,2026-10-22,2026-10-22T18:00:00+05:30,2026-10-21T03:30:00Z,2026-10-18,planned,50,template,rhyme,actions,bear,ben,Move With Ben!,,movement song for preschool,5.5,20261022,,,"[""learning"",""catalog""]",established_format,novelty_review,0,,,[],Use a distinct unpublished approved evergreen episode; otherwise skip this slot.,Use the existing template without seasonal claims. Validate learning examples and review actual audio/runtime. A different hero or shuffle alone is not sufficient novelty: approve a meaningful teaching variation or replace with an unpublished approved episode; otherwise skip.,planned,,
dd-2026-10-23,2026-10-23,2026-10-23T18:00:00+05:30,2026-10-22T03:30:00Z,2026-10-19,planned,80,story,story,,duck,daisy,Daisy Shares the Diwali Colors,"Daisy and Taffy plan a simple rangoli for Diwali; they take turns choosing colors. Introduce the festival of lights briefly and accurately. Use clear rangoli artwork only after an asset review. Use only Taffy, Ben, Daisy, Fiona, Grandpa Tilly and Professor Ozzy. Use existing backgrounds where suitable; run Director after generation. Target 5–6 minutes.",diwali story for preschool,5.5,20261023,Diwali,2026-11-08T23:59:59+05:30,"[""india_dates"",""quality""]",seasonal_hypothesis,free_llm_and_visual_review,1,,,[],Use a distinct unpublished approved evergreen episode; otherwise skip this slot.,One publishing slot per day; human reviews and uploads. Verify cultural framing and required decorative visuals before dispatch. Keep hero selection separate from holiday figures.,planned,,
dd-2026-10-24,2026-10-24,2026-10-24T18:00:00+05:30,2026-10-23T03:30:00Z,2026-10-20,planned,40,flex,,,duck,daisy,Daisy's Friendly Pumpkin Game — trend-review candidate,,gentle Halloween for toddlers,5.5,20261024,Halloween,2026-10-31T23:59:59+05:30,"[""halloween"",""live_trends""]",unconfirmed_candidate,evidence_and_implementation_required,1,,,[],Use a distinct unpublished approved evergreen episode; otherwise skip this slot.,"Original Halloween script or deterministic seasonal template; current generic colors template is not a pumpkin game. Recheck search evidence 72 hours before production. This is a reserved slot, not an executable queue row. At most one script call if resolved to a story; zero for a deterministic template.",planned,,
dd-2026-10-25,2026-10-25,2026-10-25T18:00:00+05:30,2026-10-24T03:30:00Z,2026-10-21,planned,50,compilation,,,,,Sunny Meadow: Kindness and Learning — 2026-10-25,,,17,20261025,,,"[""learning""]",editorial_hypothesis,released_sources_required,0,,,"[""dd-2026-10-21"",""dd-2026-10-22"",""dd-2026-10-23""]",Use a distinct unpublished approved evergreen episode; otherwise skip this slot.,"Use three actually finished and reviewed source episodes; do not regenerate them. Confirm topic coherence and replace the working title with an accurate contents title. Route to compile.yml, not make-video.yml. Hold if sources are missing or the combination duplicates a prior compilation.",planned,,
dd-2026-10-26,2026-10-26,2026-10-26T18:00:00+05:30,2026-10-25T03:30:00Z,2026-10-22,planned,50,template,rhyme,shapes,bunny,taffy,Shapes With Taffy!,,shapes song for kids,5.5,20261026,,,"[""learning"",""catalog""]",established_format,novelty_review,0,,,[],Use a distinct unpublished approved evergreen episode; otherwise skip this slot.,Use the existing template without seasonal claims. Validate learning examples and review actual audio/runtime. A different hero or shuffle alone is not sufficient novelty: approve a meaningful teaching variation or replace with an unpublished approved episode; otherwise skip.,planned,,
dd-2026-10-27,2026-10-27,2026-10-27T18:00:00+05:30,2026-10-26T03:30:00Z,2026-10-23,planned,80,story,story,,turtle,tilly,Grandpa Tilly Explains Diwali Lights,"Grandpa Tilly describes how some families celebrate Diwali with lights and sharing. Ben chooses a kind greeting for each friend. Keep lights decorative and avoid handling flames or fireworks. Use only Taffy, Ben, Daisy, Fiona, Grandpa Tilly and Professor Ozzy. Use existing backgrounds where suitable; run Director after generation. Target 5–6 minutes.",diwali story for preschool,5.5,20261027,Diwali,2026-11-08T23:59:59+05:30,"[""india_dates"",""quality""]",seasonal_hypothesis,free_llm_and_visual_review,1,,,[],Use a distinct unpublished approved evergreen episode; otherwise skip this slot.,One publishing slot per day; human reviews and uploads. Verify cultural framing and required decorative visuals before dispatch. Keep hero selection separate from holiday figures.,planned,,
dd-2026-10-28,2026-10-28,2026-10-28T18:00:00+05:30,2026-10-27T03:30:00Z,2026-10-24,planned,50,template,rhyme,opposites,duck,daisy,Opposites With Daisy!,,opposites for kids,5.5,20261028,,,"[""learning"",""catalog""]",established_format,novelty_review,0,,,[],Use a distinct unpublished approved evergreen episode; otherwise skip this slot.,Use the existing template without seasonal claims. Validate learning examples and review actual audio/runtime. A different hero or shuffle alone is not sufficient novelty: approve a meaningful teaching variation or replace with an unpublished approved episode; otherwise skip.,planned,,
dd-2026-10-29,2026-10-29,2026-10-29T18:00:00+05:30,2026-10-28T03:30:00Z,2026-10-25,planned,50,template,rhyme,lullaby,fox,fiona,"Goodnight, Fiona",,gentle bedtime song for toddlers,5.5,20261029,,,"[""learning"",""catalog""]",established_format,novelty_review,0,,,[],Use a distinct unpublished approved evergreen episode; otherwise skip this slot.,Use the existing template without seasonal claims. Validate learning examples and review actual audio/runtime. A different hero or shuffle alone is not sufficient novelty: approve a meaningful teaching variation or replace with an unpublished approved episode; otherwise skip. Review that Director pacing remains calm; do not promise improved sleep.,planned,,
dd-2026-10-30,2026-10-30,2026-10-30T18:00:00+05:30,2026-10-29T03:30:00Z,2026-10-26,planned,80,story,story,,fox,fiona,Fiona Makes Halloween Friendly,"Fiona plans a pumpkin party, asks each friend what feels fun, and changes a noisy game into a gentle one. Finish with an inclusive wave and goodbye. Use only Taffy, Ben, Daisy, Fiona, Grandpa Tilly and Professor Ozzy. Use existing backgrounds where suitable; run Director after generation. Target 5–6 minutes.",halloween story for preschool,5.5,20261030,Halloween,2026-10-31T23:59:59+05:30,"[""halloween"",""quality""]",seasonal_hypothesis,free_llm_required,1,,,[],Use a distinct unpublished approved evergreen episode; otherwise skip this slot.,One publishing slot per day; human reviews and uploads.,planned,,
dd-2026-10-31,2026-10-31,2026-10-31T18:00:00+05:30,2026-10-30T03:30:00Z,2026-10-27,planned,40,flex,,,bunny,taffy,Taffy's Diwali Color Patterns — trend-review candidate,,diwali colors for kids,5.5,20261031,Diwali,2026-11-08T23:59:59+05:30,"[""india_dates"",""live_trends""]",unconfirmed_candidate,evidence_and_implementation_required,1,,,[],Use a distinct unpublished approved evergreen episode; otherwise skip this slot.,"Seasonal pattern template plus approved rangoli visuals; do not relabel generic colors. Recheck search evidence 72 hours before production. This is a reserved slot, not an executable queue row. At most one script call if resolved to a story; zero for a deterministic template.",planned,,
dd-2026-11-01,2026-11-01,2026-11-01T18:00:00+05:30,2026-10-31T03:30:00Z,2026-10-28,planned,50,compilation,,,,,Sunny Meadow: Kindness and Learning — 2026-11-01,,,17,20261101,,,"[""learning""]",editorial_hypothesis,released_sources_required,0,,,"[""dd-2026-10-27"",""dd-2026-10-28"",""dd-2026-10-29""]",Use a distinct unpublished approved evergreen episode; otherwise skip this slot.,"Use three actually finished and reviewed source episodes; do not regenerate them. Confirm topic coherence and replace the working title with an accurate contents title. Route to compile.yml, not make-video.yml. Hold if sources are missing or the combination duplicates a prior compilation.",planned,,
dd-2026-11-02,2026-11-02,2026-11-02T18:00:00+05:30,2026-11-01T03:30:00Z,2026-10-29,planned,50,template,rhyme,body-parts,turtle,tilly,Body Parts With Grandpa Tilly!,,body parts song for kids,5.5,20261102,,,"[""learning"",""catalog""]",established_format,editorial_review,0,,,[],Use a distinct unpublished approved evergreen episode; otherwise skip this slot.,Use the existing template without seasonal claims. Validate learning examples and review actual audio/runtime. A different hero or shuffle alone is not sufficient novelty: approve a meaningful teaching variation or replace with an unpublished approved episode; otherwise skip. Check plural grammar and anatomy against the selected animal.,planned,,
dd-2026-11-03,2026-11-03,2026-11-03T18:00:00+05:30,2026-11-02T03:30:00Z,2026-10-30,planned,80,story,story,,bunny,taffy,Taffy Makes Room for Every Friend,"Taffy prepares a Diwali gathering and notices Ben has no comfortable space. She rearranges the meadow seats and welcomes everyone. Use only Taffy, Ben, Daisy, Fiona, Grandpa Tilly and Professor Ozzy. Use existing backgrounds where suitable; run Director after generation. Target 5–6 minutes.",diwali story for preschool,5.5,20261103,Diwali,2026-11-08T23:59:59+05:30,"[""india_dates"",""quality""]",seasonal_hypothesis,free_llm_and_visual_review,1,,,[],Use a distinct unpublished approved evergreen episode; otherwise skip this slot.,One publishing slot per day; human reviews and uploads. Verify cultural framing and required decorative visuals before dispatch. Keep hero selection separate from holiday figures.,planned,,
dd-2026-11-04,2026-11-04,2026-11-04T18:00:00+05:30,2026-11-03T03:30:00Z,2026-10-31,planned,50,template,rhyme,animal-sounds,owl,ozzy,Animal Sounds With Professor Ozzy!,,animal sounds for toddlers,5.5,20261104,,,"[""learning"",""catalog""]",established_format,editorial_review,0,,,[],Use a distinct unpublished approved evergreen episode; otherwise skip this slot.,Use the existing template without seasonal claims. Validate learning examples and review actual audio/runtime. A different hero or shuffle alone is not sufficient novelty: approve a meaningful teaching variation or replace with an unpublished approved episode; otherwise skip. Check chorus sound labels against the six-cast lesson; do not imply every named sound has an on-screen animal.,planned,,
dd-2026-11-05,2026-11-05,2026-11-05T18:00:00+05:30,2026-11-04T03:30:00Z,2026-11-01,planned,50,template,rhyme,counting,bunny,taffy,Count With Taffy!,,counting 1 to 10 song for toddlers,5.5,20261105,,,"[""learning"",""catalog""]",established_format,novelty_review,0,,,[],Use a distinct unpublished approved evergreen episode; otherwise skip this slot.,Use the existing template without seasonal claims. Validate learning examples and review actual audio/runtime. A different hero or shuffle alone is not sufficient novelty: approve a meaningful teaching variation or replace with an unpublished approved episode; otherwise skip.,planned,,
dd-2026-11-06,2026-11-06,2026-11-06T18:00:00+05:30,2026-11-05T03:30:00Z,2026-11-02,planned,80,story,story,,owl,ozzy,Ozzy's Diwali Thank-You Circle,"Ozzy invites the six friends to say one thing they appreciate at their Diwali gathering. Keep descriptions culturally modest and accurate; no invented ritual. Use only Taffy, Ben, Daisy, Fiona, Grandpa Tilly and Professor Ozzy. Use existing backgrounds where suitable; run Director after generation. Target 5–6 minutes.",diwali story for preschool,5.5,20261106,Diwali,2026-11-08T23:59:59+05:30,"[""india_dates"",""quality""]",seasonal_hypothesis,free_llm_and_visual_review,1,,,[],Use a distinct unpublished approved evergreen episode; otherwise skip this slot.,One publishing slot per day; human reviews and uploads. Verify cultural framing and required decorative visuals before dispatch. Keep hero selection separate from holiday figures.,planned,,
dd-2026-11-07,2026-11-07,2026-11-07T18:00:00+05:30,2026-11-06T03:30:00Z,2026-11-03,planned,40,flex,,,bunny,taffy,Taffy's Diwali Color Patterns — trend-review candidate,,diwali colors for kids,5.5,20261107,Diwali,2026-11-08T23:59:59+05:30,"[""india_dates"",""live_trends""]",unconfirmed_candidate,evidence_and_implementation_required,1,,,[],Use a distinct unpublished approved evergreen episode; otherwise skip this slot.,"Seasonal pattern template plus approved rangoli visuals; do not relabel generic colors. Recheck search evidence 72 hours before production. This is a reserved slot, not an executable queue row. At most one script call if resolved to a story; zero for a deterministic template.",planned,,
dd-2026-11-08,2026-11-08,2026-11-08T18:00:00+05:30,2026-11-07T03:30:00Z,2026-11-04,planned,50,compilation,,,,,Sunny Meadow: Kindness and Learning — 2026-11-08,,,17,20261108,,,"[""learning""]",editorial_hypothesis,released_sources_required,0,,,"[""dd-2026-11-04"",""dd-2026-11-05"",""dd-2026-11-06""]",Use a distinct unpublished approved evergreen episode; otherwise skip this slot.,"Use three actually finished and reviewed source episodes; do not regenerate them. Confirm topic coherence and replace the working title with an accurate contents title. Route to compile.yml, not make-video.yml. Hold if sources are missing or the combination duplicates a prior compilation.",planned,,
dd-2026-11-09,2026-11-09,2026-11-09T18:00:00+05:30,2026-11-08T03:30:00Z,2026-11-05,planned,50,template,rhyme,colors,bear,ben,Colors With Ben!,,colors song for toddlers,5.5,20261109,,,"[""learning"",""catalog""]",established_format,novelty_review,0,,,[],Use a distinct unpublished approved evergreen episode; otherwise skip this slot.,Use the existing template without seasonal claims. Validate learning examples and review actual audio/runtime. A different hero or shuffle alone is not sufficient novelty: approve a meaningful teaching variation or replace with an unpublished approved episode; otherwise skip.,planned,,
dd-2026-11-10,2026-11-10,2026-11-10T18:00:00+05:30,2026-11-09T03:30:00Z,2026-11-06,planned,60,story,story,,bear,ben,Ben Finds a Reason to Say Thank You,"Ben thinks only big presents deserve thanks. Daisy and Tilly show small everyday help; Ben notices and thanks each friend. Use only Taffy, Ben, Daisy, Fiona, Grandpa Tilly and Professor Ozzy. Use existing backgrounds where suitable; run Director after generation. Target 5–6 minutes.",gratitude story for preschool,5.5,20261110,,,"[""gratitude"",""quality""]",established_need,free_llm_required,1,,,[],Use a distinct unpublished approved evergreen episode; otherwise skip this slot.,One publishing slot per day; human reviews and uploads.,planned,,
dd-2026-11-11,2026-11-11,2026-11-11T18:00:00+05:30,2026-11-10T03:30:00Z,2026-11-07,planned,50,template,rhyme,actions,duck,daisy,Move With Daisy!,,movement song for preschool,5.5,20261111,,,"[""learning"",""catalog""]",established_format,novelty_review,0,,,[],Use a distinct unpublished approved evergreen episode; otherwise skip this slot.,Use the existing template without seasonal claims. Validate learning examples and review actual audio/runtime. A different hero or shuffle alone is not sufficient novelty: approve a meaningful teaching variation or replace with an unpublished approved episode; otherwise skip.,planned,,
dd-2026-11-12,2026-11-12,2026-11-12T18:00:00+05:30,2026-11-11T03:30:00Z,2026-11-08,planned,50,template,rhyme,shapes,fox,fiona,Shapes With Fiona!,,shapes song for kids,5.5,20261112,,,"[""learning"",""catalog""]",established_format,novelty_review,0,,,[],Use a distinct unpublished approved evergreen episode; otherwise skip this slot.,Use the existing template without seasonal claims. Validate learning examples and review actual audio/runtime. A different hero or shuffle alone is not sufficient novelty: approve a meaningful teaching variation or replace with an unpublished approved episode; otherwise skip.,planned,,
dd-2026-11-13,2026-11-13,2026-11-13T18:00:00+05:30,2026-11-12T03:30:00Z,2026-11-09,planned,60,story,story,,duck,daisy,Daisy Invites Everyone to Play,"Daisy makes a meadow game with a sitting option so all six friends can join. A story about choices and belonging. Use only Taffy, Ben, Daisy, Fiona, Grandpa Tilly and Professor Ozzy. Use existing backgrounds where suitable; run Director after generation. Target 5–6 minutes.",kindness story for preschool,5.5,20261113,,,"[""quality"",""feelings""]",established_need,free_llm_required,1,,,[],Use a distinct unpublished approved evergreen episode; otherwise skip this slot.,One publishing slot per day; human reviews and uploads.,planned,,
dd-2026-11-14,2026-11-14,2026-11-14T18:00:00+05:30,2026-11-13T03:30:00Z,2026-11-10,planned,40,flex,,,owl,ozzy,Ozzy's First Letter Sounds — trend-review candidate,,letter sounds for preschool,5.5,20261114,,,"[""phonics"",""live_trends""]",unconfirmed_candidate,evidence_and_implementation_required,1,,,[],Use a distinct unpublished approved evergreen episode; otherwise skip this slot.,"New phonics template and reviewed letter-sound audio; Kokoro pronunciations require listening checks. Recheck search evidence 72 hours before production. This is a reserved slot, not an executable queue row. At most one script call if resolved to a story; zero for a deterministic template.",planned,,
dd-2026-11-15,2026-11-15,2026-11-15T18:00:00+05:30,2026-11-14T03:30:00Z,2026-11-11,planned,50,compilation,,,,,Sunny Meadow: Kindness and Learning — 2026-11-15,,,17,20261115,,,"[""learning""]",editorial_hypothesis,released_sources_required,0,,,"[""dd-2026-11-11"",""dd-2026-11-12"",""dd-2026-11-13""]",Use a distinct unpublished approved evergreen episode; otherwise skip this slot.,"Use three actually finished and reviewed source episodes; do not regenerate them. Confirm topic coherence and replace the working title with an accurate contents title. Route to compile.yml, not make-video.yml. Hold if sources are missing or the combination duplicates a prior compilation.",planned,,
dd-2026-11-16,2026-11-16,2026-11-16T18:00:00+05:30,2026-11-15T03:30:00Z,2026-11-12,planned,50,template,rhyme,opposites,turtle,tilly,Opposites With Grandpa Tilly!,,opposites for kids,5.5,20261116,,,"[""learning"",""catalog""]",established_format,novelty_review,0,,,[],Use a distinct unpublished approved evergreen episode; otherwise skip this slot.,Use the existing template without seasonal claims. Validate learning examples and review actual audio/runtime. A different hero or shuffle alone is not sufficient novelty: approve a meaningful teaching variation or replace with an unpublished approved episode; otherwise skip.,planned,,
dd-2026-11-17,2026-11-17,2026-11-17T18:00:00+05:30,2026-11-16T03:30:00Z,2026-11-13,planned,60,story,story,,fox,fiona,Fiona and the Missing Thank You,"Fiona enjoys a picnic but forgets the friends who helped. She retraces the helpful moments and thanks them without being shamed. Use only Taffy, Ben, Daisy, Fiona, Grandpa Tilly and Professor Ozzy. Use existing backgrounds where suitable; run Director after generation. Target 5–6 minutes.",gratitude story for preschool,5.5,20261117,,,"[""gratitude""]",established_need,free_llm_required,1,,,[],Use a distinct unpublished approved evergreen episode; otherwise skip this slot.,One publishing slot per day; human reviews and uploads.,planned,,
dd-2026-11-18,2026-11-18,2026-11-18T18:00:00+05:30,2026-11-17T03:30:00Z,2026-11-14,planned,50,template,rhyme,lullaby,owl,ozzy,"Goodnight, Professor Ozzy",,gentle bedtime song for toddlers,5.5,20261118,,,"[""learning"",""catalog""]",established_format,novelty_review,0,,,[],Use a distinct unpublished approved evergreen episode; otherwise skip this slot.,Use the existing template without seasonal claims. Validate learning examples and review actual audio/runtime. A different hero or shuffle alone is not sufficient novelty: approve a meaningful teaching variation or replace with an unpublished approved episode; otherwise skip. Review that Director pacing remains calm; do not promise improved sleep.,planned,,
dd-2026-11-19,2026-11-19,2026-11-19T18:00:00+05:30,2026-11-18T03:30:00Z,2026-11-15,planned,50,template,rhyme,body-parts,bunny,taffy,Body Parts With Taffy!,,body parts song for kids,5.5,20261119,,,"[""learning"",""catalog""]",established_format,editorial_review,0,,,[],Use a distinct unpublished approved evergreen episode; otherwise skip this slot.,Use the existing template without seasonal claims. Validate learning examples and review actual audio/runtime. A different hero or shuffle alone is not sufficient novelty: approve a meaningful teaching variation or replace with an unpublished approved episode; otherwise skip. Check plural grammar and anatomy against the selected animal.,planned,,
dd-2026-11-20,2026-11-20,2026-11-20T18:00:00+05:30,2026-11-19T03:30:00Z,2026-11-16,planned,80,story,story,,turtle,tilly,Grandpa Tilly's Thankful Picnic,"At a Thanksgiving-themed picnic, Tilly explains giving thanks in simple terms. Each friend names one act of kindness. No new turkey character or historical reenactment. Use only Taffy, Ben, Daisy, Fiona, Grandpa Tilly and Professor Ozzy. Use existing backgrounds where suitable; run Director after generation. Target 5–6 minutes.",thanksgiving story for preschool,5.5,20261120,Thanksgiving,2026-11-26T23:59:59+05:30,"[""gratitude"",""us_dates""]",seasonal_hypothesis,free_llm_required,1,,,[],Use a distinct unpublished approved evergreen episode; otherwise skip this slot.,One publishing slot per day; human reviews and uploads.,planned,,
dd-2026-11-21,2026-11-21,2026-11-21T18:00:00+05:30,2026-11-20T03:30:00Z,2026-11-17,planned,40,flex,,,bunny,taffy,Taffy's Stop-and-Go Dance — trend-review candidate,,freeze dance for preschool,5.5,20261121,,,"[""freeze"",""live_trends""]",unconfirmed_candidate,evidence_and_implementation_required,1,,,[],Use a distinct unpublished approved evergreen episode; otherwise skip this slot.,"New deterministic freeze-dance template with real stop cues; existing actions template is not freeze dance. Recheck search evidence 72 hours before production. This is a reserved slot, not an executable queue row. At most one script call if resolved to a story; zero for a deterministic template.",planned,,
dd-2026-11-22,2026-11-22,2026-11-22T18:00:00+05:30,2026-11-21T03:30:00Z,2026-11-18,planned,50,compilation,,,,,Sunny Meadow: Kindness and Learning — 2026-11-22,,,17,20261122,,,"[""learning""]",editorial_hypothesis,released_sources_required,0,,,"[""dd-2026-11-18"",""dd-2026-11-19"",""dd-2026-11-20""]",Use a distinct unpublished approved evergreen episode; otherwise skip this slot.,"Use three actually finished and reviewed source episodes; do not regenerate them. Confirm topic coherence and replace the working title with an accurate contents title. Route to compile.yml, not make-video.yml. Hold if sources are missing or the combination duplicates a prior compilation.",planned,,
dd-2026-11-23,2026-11-23,2026-11-23T18:00:00+05:30,2026-11-22T03:30:00Z,2026-11-19,planned,50,template,rhyme,animal-sounds,bear,ben,Animal Sounds With Ben!,,animal sounds for toddlers,5.5,20261123,,,"[""learning"",""catalog""]",established_format,editorial_review,0,,,[],Use a distinct unpublished approved evergreen episode; otherwise skip this slot.,Use the existing template without seasonal claims. Validate learning examples and review actual audio/runtime. A different hero or shuffle alone is not sufficient novelty: approve a meaningful teaching variation or replace with an unpublished approved episode; otherwise skip. Check chorus sound labels against the six-cast lesson; do not imply every named sound has an on-screen animal.,planned,,
dd-2026-11-24,2026-11-24,2026-11-24T18:00:00+05:30,2026-11-23T03:30:00Z,2026-11-20,planned,80,story,story,,bunny,taffy,Taffy Saves a Place at the Table,"Taffy notices Ozzy has been left out of a Thanksgiving picnic and makes room. Teach noticing, asking, and including. Use only Taffy, Ben, Daisy, Fiona, Grandpa Tilly and Professor Ozzy. Use existing backgrounds where suitable; run Director after generation. Target 5–6 minutes.",thanksgiving story for preschool,5.5,20261124,Thanksgiving,2026-11-26T23:59:59+05:30,"[""gratitude"",""us_dates""]",seasonal_hypothesis,free_llm_required,1,,,[],Use a distinct unpublished approved evergreen episode; otherwise skip this slot.,One publishing slot per day; human reviews and uploads.,planned,,
dd-2026-11-25,2026-11-25,2026-11-25T18:00:00+05:30,2026-11-24T03:30:00Z,2026-11-21,planned,50,template,rhyme,counting,fox,fiona,Count With Fiona!,,counting 1 to 10 song for toddlers,5.5,20261125,,,"[""learning"",""catalog""]",established_format,novelty_review,0,,,[],Use a distinct unpublished approved evergreen episode; otherwise skip this slot.,Use the existing template without seasonal claims. Validate learning examples and review actual audio/runtime. A different hero or shuffle alone is not sufficient novelty: approve a meaningful teaching variation or replace with an unpublished approved episode; otherwise skip.,planned,,
dd-2026-11-26,2026-11-26,2026-11-26T18:00:00+05:30,2026-11-25T03:30:00Z,2026-11-22,planned,50,template,rhyme,colors,turtle,tilly,Colors With Grandpa Tilly!,,colors song for toddlers,5.5,20261126,,,"[""learning"",""catalog""]",established_format,novelty_review,0,,,[],Use a distinct unpublished approved evergreen episode; otherwise skip this slot.,Use the existing template without seasonal claims. Validate learning examples and review actual audio/runtime. A different hero or shuffle alone is not sufficient novelty: approve a meaningful teaching variation or replace with an unpublished approved episode; otherwise skip.,planned,,
dd-2026-11-27,2026-11-27,2026-11-27T18:00:00+05:30,2026-11-26T03:30:00Z,2026-11-23,planned,80,story,story,,owl,ozzy,Ozzy and the First Winter Morning,"Ozzy helps Daisy notice cold weather and choose warm clothes. End with a calm indoor game; treat winter as a setting, not weather everywhere. Use only Taffy, Ben, Daisy, Fiona, Grandpa Tilly and Professor Ozzy. Use existing backgrounds where suitable; run Director after generation. Target 5–6 minutes.",winter story for preschool,5.5,20261127,winter,2027-02-28T23:59:59+05:30,"[""quality"",""routines""]",seasonal_hypothesis,free_llm_required,1,,,[],Use a distinct unpublished approved evergreen episode; otherwise skip this slot.,One publishing slot per day; human reviews and uploads.,planned,,
dd-2026-11-28,2026-11-28,2026-11-28T18:00:00+05:30,2026-11-27T03:30:00Z,2026-11-24,planned,40,flex,,,fox,fiona,Fiona's Warm-Up and Freeze — trend-review candidate,,winter movement for preschool,5.5,20261128,,,"[""freeze"",""live_trends""]",unconfirmed_candidate,evidence_and_implementation_required,1,,,[],Use a distinct unpublished approved evergreen episode; otherwise skip this slot.,"New freeze-dance template; no extra character. Recheck search evidence 72 hours before production. This is a reserved slot, not an executable queue row. At most one script call if resolved to a story; zero for a deterministic template.",planned,,
dd-2026-11-29,2026-11-29,2026-11-29T18:00:00+05:30,2026-11-28T03:30:00Z,2026-11-25,planned,50,compilation,,,,,Sunny Meadow: Kindness and Learning — 2026-11-29,,,17,20261129,,,"[""learning""]",editorial_hypothesis,released_sources_required,0,,,"[""dd-2026-11-25"",""dd-2026-11-26"",""dd-2026-11-27""]",Use a distinct unpublished approved evergreen episode; otherwise skip this slot.,"Use three actually finished and reviewed source episodes; do not regenerate them. Confirm topic coherence and replace the working title with an accurate contents title. Route to compile.yml, not make-video.yml. Hold if sources are missing or the combination duplicates a prior compilation.",planned,,
dd-2026-11-30,2026-11-30,2026-11-30T18:00:00+05:30,2026-11-29T03:30:00Z,2026-11-26,planned,50,template,rhyme,actions,owl,ozzy,Move With Professor Ozzy!,,movement song for preschool,5.5,20261130,,,"[""learning"",""catalog""]",established_format,novelty_review,0,,,[],Use a distinct unpublished approved evergreen episode; otherwise skip this slot.,Use the existing template without seasonal claims. Validate learning examples and review actual audio/runtime. A different hero or shuffle alone is not sufficient novelty: approve a meaningful teaching variation or replace with an unpublished approved episode; otherwise skip.,planned,,
dd-2026-12-01,2026-12-01,2026-12-01T18:00:00+05:30,2026-11-30T03:30:00Z,2026-11-27,planned,80,story,story,,bear,ben,Ben Makes a Thoughtful Christmas Gift,"Ben worries his homemade Christmas card is too simple. Taffy shows that noticing what a friend likes makes a gift thoughtful. No shopping or new Santa character. Use only Taffy, Ben, Daisy, Fiona, Grandpa Tilly and Professor Ozzy. Use existing backgrounds where suitable; run Director after generation. Target 5–6 minutes.",christmas story for preschool,5.5,20261201,Christmas,2026-12-25T23:59:59+05:30,"[""christmas"",""quality""]",seasonal_hypothesis,free_llm_and_visual_review,1,,,[],Use a distinct unpublished approved evergreen episode; otherwise skip this slot.,One publishing slot per day; human reviews and uploads. Verify cultural framing and required decorative visuals before dispatch. Keep hero selection separate from holiday figures.,planned,,
dd-2026-12-02,2026-12-02,2026-12-02T18:00:00+05:30,2026-12-01T03:30:00Z,2026-11-28,planned,50,template,rhyme,shapes,duck,daisy,Shapes With Daisy!,,shapes song for kids,5.5,20261202,,,"[""learning"",""catalog""]",established_format,novelty_review,0,,,[],Use a distinct unpublished approved evergreen episode; otherwise skip this slot.,Use the existing template without seasonal claims. Validate learning examples and review actual audio/runtime. A different hero or shuffle alone is not sufficient novelty: approve a meaningful teaching variation or replace with an unpublished approved episode; otherwise skip.,planned,,
dd-2026-12-03,2026-12-03,2026-12-03T18:00:00+05:30,2026-12-02T03:30:00Z,2026-11-29,planned,50,template,rhyme,opposites,bear,ben,Opposites With Ben!,,opposites for kids,5.5,20261203,,,"[""learning"",""catalog""]",established_format,novelty_review,0,,,[],Use a distinct unpublished approved evergreen episode; otherwise skip this slot.,Use the existing template without seasonal claims. Validate learning examples and review actual audio/runtime. A different hero or shuffle alone is not sufficient novelty: approve a meaningful teaching variation or replace with an unpublished approved episode; otherwise skip.,planned,,
dd-2026-12-04,2026-12-04,2026-12-04T18:00:00+05:30,2026-12-03T03:30:00Z,2026-11-30,planned,80,story,story,,duck,daisy,Daisy Learns to Wait for Christmas,"Daisy wants the celebration now. Tilly gives her one small helpful activity for today, and she practises waiting. Avoid endless countdown repetition. Use only Taffy, Ben, Daisy, Fiona, Grandpa Tilly and Professor Ozzy. Use existing backgrounds where suitable; run Director after generation. Target 5–6 minutes.",christmas story for preschool,5.5,20261204,Christmas,2026-12-25T23:59:59+05:30,"[""christmas"",""feelings""]",seasonal_hypothesis,free_llm_and_visual_review,1,,,[],Use a distinct unpublished approved evergreen episode; otherwise skip this slot.,One publishing slot per day; human reviews and uploads. Verify cultural framing and required decorative visuals before dispatch. Keep hero selection separate from holiday figures.,planned,,
dd-2026-12-05,2026-12-05,2026-12-05T18:00:00+05:30,2026-12-04T03:30:00Z,2026-12-01,planned,40,flex,,,bear,ben,Ben's Little Christmas Kindness — trend-review candidate,,christmas kindness story for preschool,5.5,20261205,Christmas,2026-12-25T23:59:59+05:30,"[""christmas"",""live_trends""]",unconfirmed_candidate,evidence_and_implementation_required,1,,,[],Use a distinct unpublished approved evergreen episode; otherwise skip this slot.,"Original story using at most one free script call; festive visual review. Recheck search evidence 72 hours before production. This is a reserved slot, not an executable queue row. At most one script call if resolved to a story; zero for a deterministic template.",planned,,
dd-2026-12-06,2026-12-06,2026-12-06T18:00:00+05:30,2026-12-05T03:30:00Z,2026-12-02,planned,50,compilation,,,,,Sunny Meadow: Cozy Learning Together — 2026-12-06,,,17,20261206,,,"[""learning""]",editorial_hypothesis,released_sources_required,0,,,"[""dd-2026-12-02"",""dd-2026-12-03"",""dd-2026-12-04""]",Use a distinct unpublished approved evergreen episode; otherwise skip this slot.,"Use three actually finished and reviewed source episodes; do not regenerate them. Confirm topic coherence and replace the working title with an accurate contents title. Route to compile.yml, not make-video.yml. Hold if sources are missing or the combination duplicates a prior compilation.",planned,,
dd-2026-12-07,2026-12-07,2026-12-07T18:00:00+05:30,2026-12-06T03:30:00Z,2026-12-03,planned,50,template,rhyme,lullaby,bunny,taffy,"Goodnight, Taffy",,gentle bedtime song for toddlers,5.5,20261207,,,"[""learning"",""catalog""]",established_format,novelty_review,0,,,[],Use a distinct unpublished approved evergreen episode; otherwise skip this slot.,Use the existing template without seasonal claims. Validate learning examples and review actual audio/runtime. A different hero or shuffle alone is not sufficient novelty: approve a meaningful teaching variation or replace with an unpublished approved episode; otherwise skip. Review that Director pacing remains calm; do not promise improved sleep.,planned,,
dd-2026-12-08,2026-12-08,2026-12-08T18:00:00+05:30,2026-12-07T03:30:00Z,2026-12-04,planned,80,story,story,,fox,fiona,Fiona Shares the Christmas Decorations,"Fiona wants to choose every decoration. Ben suggests taking turns, and their friends make a shared display. Use approved decorative assets, no new named characters. Use only Taffy, Ben, Daisy, Fiona, Grandpa Tilly and Professor Ozzy. Use existing backgrounds where suitable; run Director after generation. Target 5–6 minutes.",christmas story for preschool,5.5,20261208,Christmas,2026-12-25T23:59:59+05:30,"[""christmas"",""quality""]",seasonal_hypothesis,free_llm_and_visual_review,1,,,[],Use a distinct unpublished approved evergreen episode; otherwise skip this slot.,One publishing slot per day; human reviews and uploads. Verify cultural framing and required decorative visuals before dispatch. Keep hero selection separate from holiday figures.,planned,,
dd-2026-12-09,2026-12-09,2026-12-09T18:00:00+05:30,2026-12-08T03:30:00Z,2026-12-05,planned,50,template,rhyme,body-parts,fox,fiona,Body Parts With Fiona!,,body parts song for kids,5.5,20261209,,,"[""learning"",""catalog""]",established_format,editorial_review,0,,,[],Use a distinct unpublished approved evergreen episode; otherwise skip this slot.,Use the existing template without seasonal claims. Validate learning examples and review actual audio/runtime. A different hero or shuffle alone is not sufficient novelty: approve a meaningful teaching variation or replace with an unpublished approved episode; otherwise skip. Check plural grammar and anatomy against the selected animal.,planned,,
dd-2026-12-10,2026-12-10,2026-12-10T18:00:00+05:30,2026-12-09T03:30:00Z,2026-12-06,planned,50,template,rhyme,animal-sounds,duck,daisy,Animal Sounds With Daisy!,,animal sounds for toddlers,5.5,20261210,,,"[""learning"",""catalog""]",established_format,editorial_review,0,,,[],Use a distinct unpublished approved evergreen episode; otherwise skip this slot.,Use the existing template without seasonal claims. Validate learning examples and review actual audio/runtime. A different hero or shuffle alone is not sufficient novelty: approve a meaningful teaching variation or replace with an unpublished approved episode; otherwise skip. Check chorus sound labels against the six-cast lesson; do not imply every named sound has an on-screen animal.,planned,,
dd-2026-12-11,2026-12-11,2026-12-11T18:00:00+05:30,2026-12-10T03:30:00Z,2026-12-07,planned,80,story,story,,turtle,tilly,Grandpa Tilly's Quiet Christmas Evening,"Tilly notices the party is tiring Daisy. They choose a quiet corner, name what they need, and enjoy a gentle goodbye. Use only Taffy, Ben, Daisy, Fiona, Grandpa Tilly and Professor Ozzy. Use existing backgrounds where suitable; run Director after generation. Target 5–6 minutes.",christmas story for preschool,5.5,20261211,Christmas,2026-12-25T23:59:59+05:30,"[""christmas"",""feelings""]",seasonal_hypothesis,free_llm_and_visual_review,1,,,[],Use a distinct unpublished approved evergreen episode; otherwise skip this slot.,One publishing slot per day; human reviews and uploads. Verify cultural framing and required decorative visuals before dispatch. Keep hero selection separate from holiday figures.,planned,,
dd-2026-12-12,2026-12-12,2026-12-12T18:00:00+05:30,2026-12-11T03:30:00Z,2026-12-08,planned,40,flex,,,fox,fiona,Fiona's Warm-Up and Freeze — trend-review candidate,,winter movement for preschool,5.5,20261212,,,"[""freeze"",""live_trends""]",unconfirmed_candidate,evidence_and_implementation_required,1,,,[],Use a distinct unpublished approved evergreen episode; otherwise skip this slot.,"New freeze-dance template; no extra character. Recheck search evidence 72 hours before production. This is a reserved slot, not an executable queue row. At most one script call if resolved to a story; zero for a deterministic template.",planned,,
dd-2026-12-13,2026-12-13,2026-12-13T18:00:00+05:30,2026-12-12T03:30:00Z,2026-12-09,planned,50,compilation,,,,,Sunny Meadow: Cozy Learning Together — 2026-12-13,,,17,20261213,,,"[""learning""]",editorial_hypothesis,released_sources_required,0,,,"[""dd-2026-12-09"",""dd-2026-12-10"",""dd-2026-12-11""]",Use a distinct unpublished approved evergreen episode; otherwise skip this slot.,"Use three actually finished and reviewed source episodes; do not regenerate them. Confirm topic coherence and replace the working title with an accurate contents title. Route to compile.yml, not make-video.yml. Hold if sources are missing or the combination duplicates a prior compilation.",planned,,
dd-2026-12-14,2026-12-14,2026-12-14T18:00:00+05:30,2026-12-13T03:30:00Z,2026-12-10,planned,50,template,rhyme,counting,owl,ozzy,Count With Professor Ozzy!,,counting 1 to 10 song for toddlers,5.5,20261214,,,"[""learning"",""catalog""]",established_format,novelty_review,0,,,[],Use a distinct unpublished approved evergreen episode; otherwise skip this slot.,Use the existing template without seasonal claims. Validate learning examples and review actual audio/runtime. A different hero or shuffle alone is not sufficient novelty: approve a meaningful teaching variation or replace with an unpublished approved episode; otherwise skip.,planned,,
dd-2026-12-15,2026-12-15,2026-12-15T18:00:00+05:30,2026-12-14T03:30:00Z,2026-12-11,planned,80,story,story,,bunny,taffy,Taffy and the Mixed-Up Christmas Cards,"Taffy mixes up cards for the five friends. Ozzy helps her notice one clue at a time and fix the mistake without blame. Use only Taffy, Ben, Daisy, Fiona, Grandpa Tilly and Professor Ozzy. Use existing backgrounds where suitable; run Director after generation. Target 5–6 minutes.",christmas story for preschool,5.5,20261215,Christmas,2026-12-25T23:59:59+05:30,"[""christmas"",""quality""]",seasonal_hypothesis,free_llm_and_visual_review,1,,,[],Use a distinct unpublished approved evergreen episode; otherwise skip this slot.,One publishing slot per day; human reviews and uploads. Verify cultural framing and required decorative visuals before dispatch. Keep hero selection separate from holiday figures.,planned,,
dd-2026-12-16,2026-12-16,2026-12-16T18:00:00+05:30,2026-12-15T03:30:00Z,2026-12-12,planned,50,template,rhyme,shapes,turtle,tilly,Shapes With Grandpa Tilly!,,shapes song for kids,5.5,20261216,,,"[""learning"",""catalog""]",established_format,novelty_review,0,,,[],Use a distinct unpublished approved evergreen episode; otherwise skip this slot.,Use the existing template without seasonal claims. Validate learning examples and review actual audio/runtime. A different hero or shuffle alone is not sufficient novelty: approve a meaningful teaching variation or replace with an unpublished approved episode; otherwise skip.,planned,,
dd-2026-12-17,2026-12-17,2026-12-17T18:00:00+05:30,2026-12-16T03:30:00Z,2026-12-13,planned,50,template,rhyme,actions,fox,fiona,Move With Fiona!,,movement song for preschool,5.5,20261217,,,"[""learning"",""catalog""]",established_format,novelty_review,0,,,[],Use a distinct unpublished approved evergreen episode; otherwise skip this slot.,Use the existing template without seasonal claims. Validate learning examples and review actual audio/runtime. A different hero or shuffle alone is not sufficient novelty: approve a meaningful teaching variation or replace with an unpublished approved episode; otherwise skip.,planned,,
dd-2026-12-18,2026-12-18,2026-12-18T18:00:00+05:30,2026-12-17T03:30:00Z,2026-12-14,planned,80,story,story,,owl,ozzy,Ozzy Makes Christmas Room for Everyone,"Ozzy asks how each friend would like to join a Christmas gathering. The friends choose singing, listening, or a quiet wave. Use only Taffy, Ben, Daisy, Fiona, Grandpa Tilly and Professor Ozzy. Use existing backgrounds where suitable; run Director after generation. Target 5–6 minutes.",christmas story for preschool,5.5,20261218,Christmas,2026-12-25T23:59:59+05:30,"[""christmas"",""quality""]",seasonal_hypothesis,free_llm_and_visual_review,1,,,[],Use a distinct unpublished approved evergreen episode; otherwise skip this slot.,One publishing slot per day; human reviews and uploads. Verify cultural framing and required decorative visuals before dispatch. Keep hero selection separate from holiday figures.,planned,,
dd-2026-12-19,2026-12-19,2026-12-19T18:00:00+05:30,2026-12-18T03:30:00Z,2026-12-15,planned,40,flex,,,bear,ben,Ben's Little Christmas Kindness — trend-review candidate,,christmas kindness story for preschool,5.5,20261219,Christmas,2026-12-25T23:59:59+05:30,"[""christmas"",""live_trends""]",unconfirmed_candidate,evidence_and_implementation_required,1,,,[],Use a distinct unpublished approved evergreen episode; otherwise skip this slot.,"Original story using at most one free script call; festive visual review. Recheck search evidence 72 hours before production. This is a reserved slot, not an executable queue row. At most one script call if resolved to a story; zero for a deterministic template.",planned,,
dd-2026-12-20,2026-12-20,2026-12-20T18:00:00+05:30,2026-12-19T03:30:00Z,2026-12-16,planned,50,compilation,,,,,Sunny Meadow: Cozy Learning Together — 2026-12-20,,,17,20261220,,,"[""learning""]",editorial_hypothesis,released_sources_required,0,,,"[""dd-2026-12-16"",""dd-2026-12-17"",""dd-2026-12-18""]",Use a distinct unpublished approved evergreen episode; otherwise skip this slot.,"Use three actually finished and reviewed source episodes; do not regenerate them. Confirm topic coherence and replace the working title with an accurate contents title. Route to compile.yml, not make-video.yml. Hold if sources are missing or the combination duplicates a prior compilation.",planned,,
dd-2026-12-21,2026-12-21,2026-12-21T18:00:00+05:30,2026-12-20T03:30:00Z,2026-12-17,planned,50,template,rhyme,lullaby,duck,daisy,"Goodnight, Daisy",,gentle bedtime song for toddlers,5.5,20261221,,,"[""learning"",""catalog""]",established_format,novelty_review,0,,,[],Use a distinct unpublished approved evergreen episode; otherwise skip this slot.,Use the existing template without seasonal claims. Validate learning examples and review actual audio/runtime. A different hero or shuffle alone is not sufficient novelty: approve a meaningful teaching variation or replace with an unpublished approved episode; otherwise skip. Review that Director pacing remains calm; do not promise improved sleep.,planned,,
dd-2026-12-22,2026-12-22,2026-12-22T18:00:00+05:30,2026-12-21T03:30:00Z,2026-12-18,planned,80,story,story,,bear,ben,Ben Discovers the Best Part of Christmas,"Ben spends so long preparing that he misses his friends. Daisy reminds him to pause and enjoy being together. A complete small problem and resolution. Use only Taffy, Ben, Daisy, Fiona, Grandpa Tilly and Professor Ozzy. Use existing backgrounds where suitable; run Director after generation. Target 5–6 minutes.",christmas story for preschool,5.5,20261222,Christmas,2026-12-25T23:59:59+05:30,"[""christmas"",""quality""]",seasonal_hypothesis,free_llm_and_visual_review,1,,,[],Use a distinct unpublished approved evergreen episode; otherwise skip this slot.,One publishing slot per day; human reviews and uploads. Verify cultural framing and required decorative visuals before dispatch. Keep hero selection separate from holiday figures.,planned,,
dd-2026-12-23,2026-12-23,2026-12-23T18:00:00+05:30,2026-12-22T03:30:00Z,2026-12-19,planned,50,template,rhyme,body-parts,bear,ben,Body Parts With Ben!,,body parts song for kids,5.5,20261223,,,"[""learning"",""catalog""]",established_format,editorial_review,0,,,[],Use a distinct unpublished approved evergreen episode; otherwise skip this slot.,Use the existing template without seasonal claims. Validate learning examples and review actual audio/runtime. A different hero or shuffle alone is not sufficient novelty: approve a meaningful teaching variation or replace with an unpublished approved episode; otherwise skip. Check plural grammar and anatomy against the selected animal.,planned,,
dd-2026-12-24,2026-12-24,2026-12-24T18:00:00+05:30,2026-12-23T03:30:00Z,2026-12-20,planned,50,template,rhyme,animal-sounds,turtle,tilly,Animal Sounds With Grandpa Tilly!,,animal sounds for toddlers,5.5,20261224,,,"[""learning"",""catalog""]",established_format,editorial_review,0,,,[],Use a distinct unpublished approved evergreen episode; otherwise skip this slot.,Use the existing template without seasonal claims. Validate learning examples and review actual audio/runtime. A different hero or shuffle alone is not sufficient novelty: approve a meaningful teaching variation or replace with an unpublished approved episode; otherwise skip. Check chorus sound labels against the six-cast lesson; do not imply every named sound has an on-screen animal.,planned,,
dd-2026-12-25,2026-12-25,2026-12-25T18:00:00+05:30,2026-12-24T03:30:00Z,2026-12-21,planned,80,story,story,,duck,daisy,Daisy's Christmas Thank You,"Daisy thanks each friend for a small kindness, then shares a gentle Christmas goodbye. An event-day companion to the earlier releases. Use only Taffy, Ben, Daisy, Fiona, Grandpa Tilly and Professor Ozzy. Use existing backgrounds where suitable; run Director after generation. Target 5–6 minutes.",christmas story for preschool,5.5,20261225,Christmas,2026-12-25T23:59:59+05:30,"[""christmas"",""gratitude""]",seasonal_hypothesis,free_llm_and_visual_review,1,,,[],Use a distinct unpublished approved evergreen episode; otherwise skip this slot.,One publishing slot per day; human reviews and uploads. Verify cultural framing and required decorative visuals before dispatch. Keep hero selection separate from holiday figures.,planned,,
dd-2026-12-26,2026-12-26,2026-12-26T18:00:00+05:30,2026-12-25T03:30:00Z,2026-12-22,planned,40,flex,,,turtle,tilly,Grandpa Tilly's Bedtime Steps — trend-review candidate,,bedtime routine for toddlers,5.5,20261226,,,"[""routines"",""live_trends""]",unconfirmed_candidate,evidence_and_implementation_required,1,,,[],Use a distinct unpublished approved evergreen episode; otherwise skip this slot.,"Original routine template with three accurate visual steps. Recheck search evidence 72 hours before production. This is a reserved slot, not an executable queue row. At most one script call if resolved to a story; zero for a deterministic template.",planned,,
dd-2026-12-27,2026-12-27,2026-12-27T18:00:00+05:30,2026-12-26T03:30:00Z,2026-12-23,planned,50,compilation,,,,,Sunny Meadow: Cozy Learning Together — 2026-12-27,,,17,20261227,,,"[""learning""]",editorial_hypothesis,released_sources_required,0,,,"[""dd-2026-12-21"",""dd-2026-12-23"",""dd-2026-12-24""]",Use a distinct unpublished approved evergreen episode; otherwise skip this slot.,"Use three actually finished and reviewed source episodes; do not regenerate them. Confirm topic coherence and replace the working title with an accurate contents title. Route to compile.yml, not make-video.yml. Hold if sources are missing or the combination duplicates a prior compilation.",planned,,
dd-2026-12-28,2026-12-28,2026-12-28T18:00:00+05:30,2026-12-27T03:30:00Z,2026-12-24,planned,50,template,rhyme,colors,bunny,taffy,Colors With Taffy!,,colors song for toddlers,5.5,20261228,,,"[""learning"",""catalog""]",established_format,novelty_review,0,,,[],Use a distinct unpublished approved evergreen episode; otherwise skip this slot.,Use the existing template without seasonal claims. Validate learning examples and review actual audio/runtime. A different hero or shuffle alone is not sufficient novelty: approve a meaningful teaching variation or replace with an unpublished approved episode; otherwise skip.,planned,,
dd-2026-12-29,2026-12-29,2026-12-29T18:00:00+05:30,2026-12-28T03:30:00Z,2026-12-25,planned,80,story,story,,fox,fiona,Fiona Tries One Small New Thing,"For New Year, Fiona chooses one small skill to practise and learns that trying again matters more than being fastest. Finish with a daytime celebration; no midnight wake-up challenge. Use only Taffy, Ben, Daisy, Fiona, Grandpa Tilly and Professor Ozzy. Use existing backgrounds where suitable; run Director after generation. Target 5–6 minutes.",new year story for preschool,5.5,20261229,New Year,2027-01-03T23:59:59+05:30,"[""quality"",""us_dates""]",seasonal_hypothesis,free_llm_required,1,,,[],Use a distinct unpublished approved evergreen episode; otherwise skip this slot.,One publishing slot per day; human reviews and uploads.,planned,,
dd-2026-12-30,2026-12-30,2026-12-30T18:00:00+05:30,2026-12-29T03:30:00Z,2026-12-26,planned,50,template,rhyme,opposites,owl,ozzy,Opposites With Professor Ozzy!,,opposites for kids,5.5,20261230,,,"[""learning"",""catalog""]",established_format,novelty_review,0,,,[],Use a distinct unpublished approved evergreen episode; otherwise skip this slot.,Use the existing template without seasonal claims. Validate learning examples and review actual audio/runtime. A different hero or shuffle alone is not sufficient novelty: approve a meaningful teaching variation or replace with an unpublished approved episode; otherwise skip.,planned,,
dd-2026-12-31,2026-12-31,2026-12-31T18:00:00+05:30,2026-12-30T03:30:00Z,2026-12-27,planned,50,template,rhyme,counting,bunny,taffy,Count With Taffy!,,counting 1 to 10 song for toddlers,5.5,20261231,,,"[""learning"",""catalog""]",established_format,novelty_review,0,,,[],Use a distinct unpublished approved evergreen episode; otherwise skip this slot.,Use the existing template without seasonal claims. Validate learning examples and review actual audio/runtime. A different hero or shuffle alone is not sufficient novelty: approve a meaningful teaching variation or replace with an unpublished approved episode; otherwise skip.,planned,,
